Date,0
2016-01-04,-0.004740207855718669
2016-01-05,0.013777704421012225
2016-01-06,-0.01019884541381966
2016-01-07,0.02328893327126718
2016-01-08,-0.022912743079808628
2016-01-11,0.010701951234243815
2016-01-12,-0.009342802891636961
2016-01-13,-0.02672130020850961
2016-01-14,0.018411038779814207
2016-01-15,-0.017919565004111272
2016-01-19,0.010172936709003157
2016-01-20,-0.02749372375438646
2016-01-21,0.01709411152993708
2016-01-22,0.013089656387170797
2016-01-25,0.0121234110054217
2016-01-26,0.008668153937979333
2016-01-27,0.016165859983504935
2016-01-28,-0.0004080204394247755
2016-01-29,0.019587887615602772
2016-02-01,0.017179129322883204
2016-02-02,-0.00948156674680612
2016-02-03,-0.008824402479011367
2016-02-04,0.0022635601823126072
2016-02-05,0.0087323179397117
2016-02-08,-0.0045121788888526125
2016-02-09,-0.016292937483879055
2016-02-10,-0.003389809554487433
2016-02-11,-0.007144012045081686
2016-02-12,0.013166046005626696
2016-02-16,0.002594448579822131
2016-02-17,0.0015922981154214038
2016-02-18,0.012321034367601857
2016-02-19,-0.001570224565131999
2016-02-22,0.004128788679266254
2016-02-23,-0.008615441849472832
2016-02-24,0.003752706927499555
2016-02-25,0.011258235928027955
2016-02-26,-0.004528142795923668
2016-02-29,-0.005684099138946786
2016-03-01,0.014389951754710036
2016-03-02,0.004197360912674185
2016-03-03,0.034159936672856134
2016-03-04,0.015191450219867338
2016-03-07,0.026496487037642714
2016-03-08,-0.04065797997474678
2016-03-09,0.0019518348156636206
2016-03-10,-0.00709614316887167
2016-03-11,0.020179394655261584
2016-03-14,-0.005743041859454192
2016-03-15,-0.003987229666174112
2016-03-16,0.007953656830461335
2016-03-17,0.020984602489469737
2016-03-18,0.004965842761858797
2016-03-21,-0.00494130721555157
2016-03-22,0.0031924496357869842
2016-03-23,-0.015912257897204015
2016-03-24,0.004671076880452957
2016-03-28,-0.0021457230707838813
2016-03-29,0.006266749251250304
2016-03-30,-0.0061607307439208595
2016-03-31,0.020483977405652314
2016-04-01,0.00706469665993308
2016-04-04,-0.01393400721500155
2016-04-05,-0.006339074083179103
2016-04-06,0.010472644458423238
2016-04-07,-0.021809714378171755
2016-04-08,0.0011055315018044978
2016-04-11,-0.011315059438577147
2016-04-12,0.02383443552671202
2016-04-13,0.0009226862440666303
2016-04-14,-0.0010107565963443077
2016-04-15,0.001517723399051917
2016-04-18,0.015118359684285888
2016-04-19,0.01823720919316878
2016-04-20,0.011840742233573105
2016-04-21,-0.002851767591554851
2016-04-22,-0.007058139863363525
2016-04-25,0.00165460520323997
2016-04-26,-0.003731563489614641
2016-04-27,-0.01136024812301744
2016-04-28,-0.002732960228125917
2016-04-29,-0.014075628315237685
2016-05-02,0.004358675868800762
2016-05-03,-0.01660493768242934
2016-05-04,-0.009097967665572292
2016-05-05,-0.005291325176565149
2016-05-06,0.0043385483206276115
2016-05-09,-0.0018950333822029331
2016-05-10,0.011961320784927626
2016-05-11,-0.040431439785505514
2016-05-12,-0.003870707442286272
2016-05-13,-0.013513583116627965
2016-05-16,0.015385979692396625
2016-05-17,-0.0046433056360122
2016-05-18,-0.006848591839012062
2016-05-19,-0.010149885324151548
2016-05-20,0.0018931961651800782
2016-05-23,-0.0007874687792373247
2016-05-24,0.017018574878071475
2016-05-25,0.015184396255290443
2016-05-26,-0.007478438248332367
2016-05-27,0.005123132823205728
2016-05-31,-0.009998289096848929
2016-06-01,0.002280830612733118
2016-06-02,0.006491183731331138
2016-06-03,-0.00397398442763657
2016-06-06,-0.0025299929798301263
2016-06-07,-0.00028139269767602106
2016-06-08,0.0043691820855398435
2016-06-09,0.0019945930533028524
2016-06-10,-0.010235742188467666
2016-06-13,-0.008259445336937643
2016-06-14,-0.000932456514132646
2016-06-15,0.0023963805240739444
2016-06-16,0.0025308280902743307
2016-06-17,0.002771181115285316
2016-06-20,-0.005181491753088889
2016-06-21,-0.0010415496944699847
2016-06-22,-0.0017380225756862553
2016-06-23,0.021678571603781387
2016-06-24,-0.04364960632865125
2016-06-27,-0.0063922671708952095
2016-06-28,0.00013972256945560867
2016-06-29,0.013284914690394976
2016-06-30,0.007728504146572542
2016-07-01,-0.0028760488688567266
2016-07-05,0.005335398127987537
2016-07-06,0.0052710888766640315
2016-07-07,-0.01564163248400609
2016-07-08,0.00938968043670316
2016-07-11,0.0005367619466987683
2016-07-12,-0.008224562961209178
2016-07-13,-0.0013783039504923428
2016-07-14,-0.0028571026561912444
2016-07-15,-4.3950590488782046e-09
2016-07-18,0.0016119184964105636
2016-07-19,0.002853229968122131
2016-07-20,0.01536263169894823
2016-07-21,-0.03978674599964246
2016-07-22,0.013183985281423685
2016-07-25,0.0028280210334932073
2016-07-26,0.0005288763404586999
2016-07-27,-0.010042183445046654
2016-07-28,-0.014030670984401923
2016-07-29,0.00836138316574353
2016-08-01,0.01238182980645754
2016-08-02,-5.75248700264701e-05
2016-08-03,-0.004134457440951868
2016-08-04,-0.004381872411939771
2016-08-05,0.005733582794607801
2016-08-08,-0.0076012903066591305
2016-08-09,-0.0015087493013651952
2016-08-10,-0.0030928310342591006
2016-08-11,0.004826036367959776
2016-08-12,-0.006175047650430693
2016-08-15,0.012017310239935429
2016-08-16,-0.0009136764197179955
2016-08-17,-0.001462568290610304
2016-08-18,-0.0012819323825035967
2016-08-19,0.002566927207731806
2016-08-22,-0.007772497832037073
2016-08-23,0.003133323437632611
2016-08-24,-0.007533138780792415
2016-08-25,-0.004258125918458988
2016-08-26,-0.005856676979946149
2016-08-29,-0.0011221273424542393
2016-08-30,-0.003614666712016119
2016-08-31,-0.007427696058199012
2016-09-01,0.0017518630416263822
2016-09-02,0.00936929796855139
2016-09-06,-0.00027849276403412023
2016-09-07,0.006128188905081276
2016-09-08,-0.026208935103737813
2016-09-09,-0.011859428386302792
2016-09-12,0.011201582083964884
2016-09-13,-0.014665784826033921
2016-09-14,-0.007442322923200477
2016-09-15,0.033998609454312725
2016-09-16,-0.005624193767464139
2016-09-19,-0.013538923806011223
2016-09-20,-0.0005381937702343134
2016-09-21,0.008346901239647
2016-09-22,0.002670382753922932
2016-09-23,-0.009587515893638095
2016-09-26,-0.01451961235436146
2016-09-27,0.014460691962419675
2016-09-28,0.0069930383979915165
2016-09-29,-0.003205156756945337
2016-09-30,0.01152198858047807
2016-10-03,-0.0023841528496970914
2016-10-04,-0.0031861986341919697
2016-10-05,0.011986863289176105
2016-10-06,0.002105981491780335
2016-10-07,0.0007881040007116033
2016-10-10,-0.0020996740383071796
2016-10-11,0.002154349998569287
2016-10-12,0.008942204746971359
2016-10-13,-0.0030680168549275903
2016-10-14,0.005556504819248097
2016-10-17,-0.0006800320806693822
2016-10-18,-0.0006804247537098813
2016-10-19,-0.0029797164186336662
2016-10-20,-0.0005123284955118796
2016-10-21,-0.003929516259694704
2016-10-24,0.00900522433008288
2016-10-25,0.005099748289110569
2016-10-26,-0.022494653629611932
2016-10-27,-0.015322359595373099
2016-10-28,-0.0020931950330928886
2016-10-31,-0.004055664158507327
2016-11-01,-0.00014042390525581587
2016-11-02,-0.011656479563252676
2016-11-03,-0.005186652982899483
2016-11-04,-0.0034278307949877625
2016-11-07,0.031605222623817104
2016-11-08,0.0024244379079971902
2016-11-09,0.058872089551689974
2016-11-10,0.042776217748552274
2016-11-11,0.015283431759348267
2016-11-14,0.025693873999300388
2016-11-15,0.009609065178397986
2016-11-16,-0.023344128535699463
2016-11-17,0.016338774415821215
2016-11-18,0.003434570388419401
2016-11-21,0.003470631456059098
2016-11-22,0.00014177510231810735
2016-11-23,0.005684287098191186
2016-11-25,-0.004380305085473284
2016-11-28,-0.004872741287335117
2016-11-29,0.009775818353015707
2016-11-30,0.03560809672647015
2016-12-01,0.033471524003754076
2016-12-02,-0.014428686317742268
2016-12-05,0.023236143933672522
2016-12-06,0.012382234462201132
2016-12-07,0.01806565040925287
2016-12-08,0.025003940137937247
2016-12-09,0.0016568818757934196
2016-12-12,-0.019350857450818108
2016-12-13,0.005818618804894139
2016-12-14,0.005784886148425869
2016-12-15,0.01279551926223173
2016-12-16,-0.016872611734091277
2016-12-19,0.0007117146559580357
2016-12-20,0.016815137708770037
2016-12-21,-0.006787550633564664
2016-12-22,-0.005467217348684974
2016-12-23,0.003539941152005237
2016-12-27,0.002448316848052671
2016-12-28,-0.0037670737677448054
2016-12-29,0.005613598499296334
2016-12-30,-0.006698786368104542
2017-01-03,0.00885354001383563
2017-01-04,0.006457580027796484
2017-01-05,-0.007444457751388588
2017-01-06,0.014835065029895723
2017-01-09,-0.008207422476487262
2017-01-10,-0.0013174820562496558
2017-01-11,0.013150866302139845
2017-01-12,-0.007812445542059605
2017-01-13,0.0018862823162556354
2017-01-17,-0.03503874512351658
2017-01-18,0.0017598020325483037
2017-01-19,-0.008136153300720603
2017-01-20,0.0018368891973965847
2017-01-23,0.0006665005171504381
2017-01-24,-0.005696677833558779
2017-01-25,0.014817073335830915
2017-01-26,-0.007268321511417276
2017-01-27,-0.007612182705682984
2017-01-30,-0.012701302929702748
2017-01-31,-0.012985374477511432
2017-02-01,0.003365693167369351
2017-02-02,-0.0017085958042619383
2017-02-03,0.0042791827000698895
2017-02-06,-0.005670748120151071
2017-02-07,0.0014409624850266615
2017-02-08,0.007792749076620338
2017-02-09,-0.0038661028229833635
2017-02-10,-0.002265614574422262
2017-02-13,0.005517512538409215
2017-02-14,0.012979690714697513
2017-02-15,0.003628760146113273
2017-02-16,-0.0011806865272780808
2017-02-17,0.002733663777060552
2017-02-21,0.007220770939746896
2017-02-22,0.0029992979851159534
2017-02-23,-0.004230000633286598
2017-02-24,0.0009519428150826759
2017-02-27,0.0019754279608588205
2017-02-28,0.0004384451827597288
2017-03-01,0.02043932313815769
2017-03-02,-0.005002340265255246
2017-03-03,-0.0044268268256209215
2017-03-06,-0.0041065393706735025
2017-03-07,-0.011590049512762103
2017-03-08,0.0022546405761167793
2017-03-09,0.006412592764009185
2017-03-10,0.014084207143082226
2017-03-13,-0.0021492710348615753
2017-03-14,-0.005136930289425931
2017-03-15,0.013768895645856073
2017-03-16,-0.013636350250307364
2017-03-17,-0.0031141122001245485
2017-03-20,7.816213581636955e-05
2017-03-21,-0.006402703147978152
2017-03-22,-0.007780027168933777
2017-03-23,-0.0028513688174784434
2017-03-24,-0.0033359279848284343
2017-03-27,0.0025500833464262786
2017-03-28,-0.0011126277389018095
2017-03-29,-0.005888999120084208
2017-03-30,-0.0020813668164192207
2017-03-31,-0.000882407602477018
2017-04-03,0.0011241399760597488
2017-04-04,0.007446413581823517
2017-04-05,-0.005180931733847663
2017-04-06,0.002002963144540039
2017-04-07,-0.0022271813110851958
2017-04-10,-0.001186239609018391
2017-04-11,-0.01075617268143791
2017-04-12,0.00013631077726089231
2017-04-13,-0.00394884075134324
2017-04-17,0.004647864012050461
2017-04-18,0.005443096841638552
2017-04-19,0.002435946181138485
2017-04-20,0.00985569915756769
2017-04-21,0.0018713898707532826
2017-04-24,-0.0021349070295703988
2017-04-25,0.0036107545465796334
2017-04-26,0.0022985463030676897
2017-04-27,-0.018918531344584044
2017-04-28,-0.0040904783129379705
2017-05-01,-0.002542349187889509
2017-05-02,-0.004804159810707903
2017-05-03,0.009842308442627424
2017-05-04,-0.021173962086914466
2017-05-05,0.0035554144885785073
2017-05-08,0.0019449882696237124
2017-05-09,0.00083173136326067
2017-05-10,0.0011084438011520253
2017-05-11,-0.0021451292179801938
2017-05-12,0.00797423965821099
2017-05-15,0.006329531020263597
2017-05-16,0.006904205220327865
2017-05-17,-0.005974484760170145
2017-05-18,0.0040981739288544535
2017-05-19,0.007754693337755917
2017-05-22,0.00026996443437099423
2017-05-23,-0.0024967269562489692
2017-05-24,0.011364971263726592
2017-05-25,0.0018730280413761236
2017-05-26,0.0005341670511819871
2017-05-30,-0.0017982229888148045
2017-05-31,0.006403002036611504
2017-06-01,0.016272058599733005
2017-06-02,0.008858773404011444
2017-06-05,-0.006179193608765265
2017-06-06,-0.010210209478890212
2017-06-07,0.004694942659780312
2017-06-08,-0.0024459101895310713
2017-06-09,-0.03877669904951343
2017-06-12,-0.019870750123856577
2017-06-13,0.0015173920190258224
2017-06-14,0.00430394912628311
2017-06-15,0.002033484032977243
2017-06-16,0.009846861191234764
2017-06-19,-0.002084343631873435
2017-06-20,0.0011189290535656604
2017-06-21,0.005140887811298286
2017-06-22,0.008449854678783663
2017-06-23,0.0027929973406220173
2017-06-26,-0.0006594568304456486
2017-06-27,-0.009755136473035938
2017-06-28,0.003670227983071719
2017-06-29,-0.0023152328762671174
2017-06-30,0.0014686197347752285
2017-07-03,-0.0059320875104864335
2017-07-05,-0.01858491783758282
2017-07-06,-0.014575731771316502
2017-07-07,-0.0016889265184464057
2017-07-10,0.0129355426499335
2017-07-11,-0.009364890690805637
2017-07-12,-0.0002883873571140355
2017-07-13,0.010214858607731648
2017-07-14,-0.009130012239596183
2017-07-17,0.0015243800569895221
2017-07-18,0.0004508079577896241
2017-07-19,0.009578474215415606
2017-07-20,-0.0028452726609599003
2017-07-21,0.014382410352791251
2017-07-24,-0.016680609797744064
2017-07-25,0.0013198981876435603
2017-07-26,0.09879479795433141
2017-07-27,0.03234092111250654
2017-07-28,0.001120511723873884
2017-07-31,0.00493215500528663
2017-08-01,-0.012455707732525486
2017-08-02,-0.006222914945821546
2017-08-03,0.001260978950567636
2017-08-04,-0.0022666173554428608
2017-08-07,0.010601100511783314
2017-08-08,-0.003038771762776456
2017-08-09,-0.01583496873296513
2017-08-10,-0.006103054214076206
2017-08-11,0.008588128459285851
2017-08-14,0.009664470688346145
2017-08-15,0.008517800672667074
2017-08-16,-0.006606125212566818
2017-08-17,-0.00841794515494249
2017-08-18,0.0007639807861155592
2017-08-21,-0.0003816647042029184
2017-08-22,0.017269242532287052
2017-08-23,-0.006923844277342342
2017-08-24,0.0027299984891692025
2017-08-25,-0.011937606670916963
2017-08-28,0.005468608213111775
2017-08-29,0.013955656285524708
2017-08-30,-0.00012463555734254164
2017-08-31,-0.0033271491492676054
2017-09-01,0.0027957392514822346
2017-09-05,-0.013855997323370575
2017-09-06,-0.010042334777993447
2017-09-07,0.007203332059556317
2017-09-08,0.010954441470907132
2017-09-11,-0.00807964344403067
2017-09-12,-0.003962757929584086
2017-09-13,-0.0068060397494677785
2017-09-14,-0.0013707891294720371
2017-09-15,-0.010399089277141994
2017-09-18,-0.005334034302263746
2017-09-19,0.007348735413384567
2017-09-20,0.0008818618544607154
2017-09-21,-0.008130840636093224
2017-09-22,0.0016013881669963734
2017-09-25,0.002852888856453928
2017-09-26,-0.0037038674704731917
2017-09-27,8.023764478559407e-05
2017-09-28,0.005702002440798319
2017-09-29,-0.0010204493838451652
2017-10-02,0.003861662859205237
2017-10-03,0.00032060270103593836
2017-10-04,-0.0010157565308958672
2017-10-05,0.00482956151440194
2017-10-06,0.002529805714998993
2017-10-09,0.005803778285566109
2017-10-10,-0.005268371091810538
2017-10-11,-0.008827475784431976
2017-10-12,-0.0027988284556753596
2017-10-13,0.012248052415690444
2017-10-16,0.002268611742494376
2017-10-17,0.0007544555218320846
2017-10-18,0.011560883949916426
2017-10-19,-0.003975202992500391
2017-10-20,0.0011264327260684687
2017-10-23,0.009893530607987694
2017-10-24,0.002939159121338962
2017-10-25,-0.010127526251428631
2017-10-26,0.0007308206105440037
2017-10-27,0.006353112877120826
2017-10-30,-0.0006754236401471097
2017-10-31,0.02524182769341557
2017-11-01,0.026819371295567992
2017-11-02,0.008349153949333922
2017-11-03,-0.016135634593335044
2017-11-06,0.013740719664105054
2017-11-07,0.001713208105209198
2017-11-08,-0.0017102776134928
2017-11-09,-0.00856514359010952
2017-11-10,-0.015550721375098523
2017-11-13,0.003729517761458702
2017-11-14,0.0024044381947715696
2017-11-15,-0.008722393839544176
2017-11-16,0.004179821336057821
2017-11-17,-0.0215821268706446
2017-11-20,0.00010263943004289523
2017-11-21,-0.009848115315153479
2017-11-22,-0.005388073168264892
2017-11-24,0.004232221115898977
2017-11-27,0.005225784560929315
2017-11-28,-0.0008383082434701535
2017-11-29,0.013091642263237235
2017-11-30,0.0009939106057502791
2017-12-01,-0.005645906801132356
2017-12-04,0.0036738382206009763
2017-12-05,0.005324570970814075
2017-12-06,-0.011585402566518266
2017-12-07,0.014735237972503422
2017-12-08,0.011551190920476016
2017-12-11,-0.00958356731540603
2017-12-12,0.0018089087531066405
2017-12-13,0.0342610723450112
2017-12-14,0.0035767961232503784
2017-12-15,0.004029068711881162
2017-12-18,0.0003087086904215365
2017-12-19,-0.00879482254194773
2017-12-20,-0.0011359098929975995
2017-12-21,0.004548040515435961
2017-12-22,0.003395468759668531
2017-12-26,0.0005642389084386258
2017-12-27,0.0011274159394021352
2017-12-28,0.0028151558851175385
2017-12-29,-0.009358070827043267
2018-01-02,0.011335593577391325
2018-01-03,-0.020548962203383456
2018-01-04,0.013733632286465638
2018-01-05,0.01580521059400067
2018-01-08,0.0251296104331472
2018-01-09,0.0024090405938227617
2018-01-10,-0.0033645787467686816
2018-01-11,0.02007603883599514
2018-01-12,0.02465552948672698
2018-01-16,-0.003122950576308436
2018-01-17,0.04729077391695775
2018-01-18,-0.030910773191738364
2018-01-19,-0.0071436706229707925
2018-01-22,0.000799315892437841
2018-01-23,-0.008543378286353494
2018-01-24,-0.00268175927791238
2018-01-25,0.00611890233115793
2018-01-26,0.0003204981116737963
2018-01-29,-0.006992563169507178
2018-01-30,-0.009125068403596193
2018-01-31,0.04933219752572591
2018-02-01,0.007252296229988202
2018-02-02,-0.022496849897276728
2018-02-05,-0.057407242643451206
2018-02-06,0.03657860268150677
2018-02-07,0.02114932226489455
2018-02-08,-0.04835305884913397
2018-02-09,0.00961573821976421
2018-02-12,0.032959717407609876
2018-02-13,-0.001861420872900594
2018-02-14,0.004924791400766621
2018-02-15,0.033667095654893446
2018-02-16,-0.003983777427255702
2018-02-20,-0.00476000252900395
2018-02-21,-0.0027735288826426898
2018-02-22,0.010074685591790448
2018-02-23,0.0020791608975087744
2018-02-26,0.028912729633108192
2018-02-27,0.016289893976491557
2018-02-28,-0.012422163292782045
2018-03-01,-0.029417778201289626
2018-03-02,0.023829451880250655
2018-03-05,0.01572044836044191
2018-03-06,0.01929660140484059
2018-03-07,0.01202927724682856
2018-03-08,-0.01130168689669664
2018-03-09,0.028577108711504477
2018-03-12,-0.01283779352645554
2018-03-13,-0.008562151325717785
2018-03-14,-0.008501354164299068
2018-03-15,0.001104347883579874
2018-03-16,-0.007059479301959046
2018-03-19,-0.006644584766680701
2018-03-20,0.014164814116663775
2018-03-21,0.00019410567716103303
2018-03-22,-0.014158346291103173
2018-03-23,-0.028919976625177236
2018-03-26,0.06320916676405951
2018-03-27,-0.024580766605599748
2018-03-28,-0.031060872751701277
2018-03-29,0.05000020801233702
2018-04-02,-0.06067611527284315
2018-04-03,0.016966391515479837
2018-04-04,0.004824360070661213
2018-04-05,0.007801664929232086
2018-04-06,-0.03156026192292071
2018-04-09,0.015577091287685243
2018-04-10,0.03471221704921763
2018-04-11,-0.0033159726082931922
2018-04-12,-0.00016775961451936467
2018-04-13,-0.016312620575875604
2018-04-16,0.010412784218029268
2018-04-17,0.0056920755974631775
2018-04-18,-0.005905119956422547
2018-04-19,-0.0047522215477422206
2018-04-20,-0.011316788962693168
2018-04-23,0.02413732373516642
2018-04-24,-0.0026555350016258814
2018-04-25,-0.00765524560590236
2018-04-26,-0.0036894337162301
2018-04-27,0.0010099409903174526
2018-04-30,-0.01192540809996779
2018-05-01,-0.001998404661425756
2018-05-02,0.005045545627589803
2018-05-03,0.004143915362297105
2018-05-04,-0.003809200977470046
2018-05-07,-0.004700074260518905
2018-05-08,0.004806797333932591
2018-05-09,0.01698655522493564
2018-05-10,0.0007769409140484404
2018-05-11,0.007917936872612226
2018-05-14,0.004236161410467886
2018-05-15,-0.004984997422745942
2018-05-16,-0.0013875440847865433
2018-05-17,0.007941568664233173
2018-05-18,-0.012359065574573492
2018-05-21,0.011809888213527395
2018-05-22,-0.024455932832291496
2018-05-23,-0.007497479697082182
2018-05-24,0.0007847834084240208
2018-05-25,-0.008920893889224329
2018-05-29,-0.021133694831349192
2018-05-30,-0.0021288655764519398
2018-05-31,-0.0028863600553280843
2018-06-01,0.016201120032573433
2018-06-04,0.014705863519421457
2018-06-05,0.007715078559268177
2018-06-06,0.0034659285088197147
2018-06-07,-0.002680725302446363
2018-06-08,-0.009097348541037746
2018-06-11,-0.002451744355590203
2018-06-12,0.005490620642061198
2018-06-13,-0.00821717954291525
2018-06-14,0.0005243814983756237
2018-06-15,-0.012527043687861476
2018-06-18,-0.003032674641432395
2018-06-19,-0.01785475475132501
2018-06-20,0.001718606989376245
2018-06-21,-0.0027880478408850496
2018-06-22,-0.004516383214800537
2018-06-25,0.0011343466483980233
2018-06-26,-0.0041541664351763645
2018-06-27,-0.00397434055674487
2018-06-28,-0.0010351406423941211
2018-06-29,-0.010813808498041545
2018-07-02,-0.01669195816544164
2018-07-03,-0.026419753399813166
2018-07-05,0.003539757281010527
2018-07-06,-0.000914452886368302
2018-07-09,0.010460058060186463
2018-07-10,0.00782820786009518
2018-07-11,-0.012979720742476341
2018-07-12,0.0001296185655584651
2018-07-13,0.016166252164556614
2018-07-16,0.001818070092116004
2018-07-17,0.0009075624129603688
2018-07-18,0.0035357953771358603
2018-07-19,0.01300932740989357
2018-07-20,-0.005796820008624383
2018-07-23,-0.0034985105268680976
2018-07-24,-0.0035106450616986286
2018-07-25,0.004336076619485213
2018-07-26,-0.010917630098430558
2018-07-27,0.016217063313860098
2018-07-30,0.00922891750853959
2018-07-31,-0.01619336318804932
2018-08-01,0.0017426335768545448
2018-08-02,0.02923076611425122
2018-08-03,0.002893090009690347
2018-08-06,0.0051926379474365476
2018-08-07,-0.009374859111287059
2018-08-08,0.000675972448374496
2018-08-09,-0.007725605195442033
2018-08-10,-0.006522149295566503
2018-08-13,-0.007184629290452722
2018-08-14,0.004213366857530397
2018-08-15,0.00233602579105072
2018-08-16,0.014649929002556163
2018-08-17,-0.008008869112542621
2018-08-20,-0.018906522468617203
2018-08-21,-0.0019494479725225967
2018-08-22,4.657862648717317e-05
2018-08-23,0.0020459939329742654
2018-08-24,0.0031093556845317124
2018-08-27,0.008234705539832783
2018-08-28,0.008075380470582153
2018-08-29,0.014929494644217401
2018-08-30,0.009193791820614474
2018-08-31,0.011553895634680567
2018-09-04,0.003207007234746497
2018-09-05,-0.006524760238038345
2018-09-06,-0.016617476364510594
2018-09-07,-0.008068135021825396
2018-09-10,-0.01342078034753519
2018-09-11,0.02528290912221306
2018-09-12,-0.012419010302463939
2018-09-13,0.024155152576639628
2018-09-14,-0.011349541359543833
2018-09-17,-0.00611805328540166
2018-09-18,0.007429429335010003
2018-09-19,-0.00379287123242863
2018-09-20,0.009517706478413426
2018-09-21,0.00243595273802588
2018-09-24,-0.015219238181826978
2018-09-25,0.0005842664397021336
2018-09-26,-0.005970772597330915
2018-09-27,-0.004569861342490551
2018-09-28,0.00013106827335777327
2018-10-01,-0.0013770049389847019
2018-10-02,0.010672481609727598
2018-10-03,0.02196081123831586
2018-10-04,-0.00929090676489044
2018-10-05,-0.021945609476572127
2018-10-08,0.0002610216107112292
2018-10-09,-0.025366996633351534
2018-10-10,-0.04662195849754271
2018-10-11,-0.025471818661996177
2018-10-12,0.03667134841634719
2018-10-15,0.01659845944533633
2018-10-16,0.020877798137550408
2018-10-17,0.009176856612969995
2018-10-18,-0.005195886724997182
2018-10-19,0.010054671594188715
2018-10-22,0.0038783281587439957
2018-10-23,-0.0050223928246263235
2018-10-24,-0.039606746966809804
2018-10-25,-0.005141939251540339
2018-10-26,-0.011237498625942338
2018-10-29,0.007739850359601858
2018-10-30,0.030364538526481515
2018-10-31,-0.008908176574247343
2018-11-01,0.0016296375110625163
2018-11-02,-0.007509257751992612
2018-11-05,0.00844888443660455
2018-11-06,0.007877956301765316
2018-11-07,0.01625304265270855
2018-11-08,0.011906066745524906
2018-11-09,-0.0006063643410724716
2018-11-12,-0.007039779642055302
2018-11-13,0.0013444623985987706
2018-11-14,-0.004882632575655811
2018-11-15,0.0036365211864244256
2018-11-16,-0.00010630035636500505
2018-11-19,-0.005649268832260738
2018-11-20,-0.01275590350508503
2018-11-21,-0.007491818545300912
2018-11-23,0.001422274481071324
2018-11-26,0.00436963524741208
2018-11-27,0.008483735349188002
2018-11-28,0.0031277009883643324
2018-11-29,-0.0020428205978448716
2018-11-30,0.01820742545906704
2018-12-03,-0.012591322814449172
2018-12-04,-0.047476608818129346
2018-12-06,0.002215767933203587
2018-12-07,-0.0440353269603003
2018-12-10,-0.001294966169400399
2018-12-11,-0.004004053191274526
2018-12-12,0.011671429012242772
2018-12-13,0.004227576605318937
2018-12-14,-0.025235631941337478
2018-12-17,-0.040045621059206934
2018-12-18,-0.00597367235006727
2018-12-19,-0.007533961756870055
2018-12-20,-0.003795427319023096
2018-12-21,-0.008028245055757685
2018-12-24,-0.039683559196318566
2018-12-26,0.03124999298298164
2018-12-27,0.018648492134535646
2018-12-28,-0.008368063550095202
2018-12-31,0.013798508842252285
2019-01-02,-0.01073135337738009
2019-01-03,-0.020505383782979992
2019-01-04,0.026116920277027007
2019-01-07,0.014333597456436684
2019-01-08,0.013338526492621097
2019-01-09,0.00969059745033187
2019-01-10,0.025535952895932253
2019-01-11,0.0008225483517869595
2019-01-14,-0.007197592149634924
2019-01-15,0.00536597692892003
2019-01-16,-0.0025677637934207855
2019-01-17,0.018666177742009873
2019-01-18,0.017328728765556637
2019-01-22,-0.02399525951754548
2019-01-23,0.001983723380209461
2019-01-24,-0.002708825248724152
2019-01-25,0.002113032528875664
2019-01-28,-0.005081404692426749
2019-01-29,0.003905606278201004
2019-01-30,0.009875239661131404
2019-01-31,-0.0054163460610510625
2019-02-01,0.004693868482411511
2019-02-04,0.024701218226231277
2019-02-05,0.03319886363135055
2019-02-06,0.002267318508350552
2019-02-07,-0.009497422595000502
2019-02-08,-0.0006416955976106232
2019-02-11,-0.002370858475087314
2019-02-12,0.016759535445963675
2019-02-13,-0.0003408585154993117
2019-02-14,-0.0018511622889502914
2019-02-15,0.019886913710921494
2019-02-19,-0.004091284620669334
2019-02-20,0.012708420763248615
2019-02-21,-0.00941761916598242
2019-02-22,0.015494008369440654
2019-02-25,0.006650198047141455
2019-02-26,-0.00023433241284510163
2019-02-27,0.020315426108253962
2019-02-28,0.010380278558189536
2019-03-01,0.0015001830128559053
2019-03-04,-0.017997356524070845
2019-03-05,-0.005939634325045041
2019-03-06,-0.013159121229217603
2019-03-07,-0.004476277086766371
2019-03-08,-4.7255902304755524e-05
2019-03-11,-0.053320405627449795
2019-03-12,0.004123878639933604
2019-03-13,0.0044219619280657435
2019-03-14,0.011116280638516472
2019-03-15,0.016654241769903523
2019-03-18,-0.004233401802880903
2019-03-19,0.000680402724467212
2019-03-20,-0.0009381703745656306
2019-03-21,0.012767722667381711
2019-03-22,-0.026368363478526453
2019-03-25,-0.00018960625041546453
2019-03-26,0.0021246349547581647
2019-03-27,-0.00966846979465083
2019-03-28,-0.029566372823998734
2019-03-29,0.011806654802796199
2019-04-01,0.018336702533491563
2019-04-02,0.014536547616622453
2019-04-03,0.006855069437538829
2019-04-04,0.001740258507444625
2019-04-05,0.006694345717296841
2019-04-08,0.01573622778227852
2019-04-09,-0.002998564115554848
2019-04-10,0.005613923722086807
2019-04-11,-0.0083241749886518
2019-04-12,-0.00040227091180147437
2019-04-15,0.01522365184376816
2019-04-16,-0.0162072374764488
2019-04-17,0.014241869476682843
2019-04-18,0.0035937976648645433
2019-04-22,0.0032864653766120164
2019-04-23,0.01442341929074902
2019-04-24,0.013047372956928182
2019-04-25,0.015840029833478913
2019-04-26,0.019527956824977953
2019-04-29,-0.004431131410435707
2019-04-30,-0.01672657028831462
2019-05-01,-0.004307468102133802
2019-05-02,-0.01642466836294933
2019-05-03,0.001416373594349989
2019-05-06,0.004987718253240497
2019-05-07,-0.011555579640425723
2019-05-08,0.011615780621960323
2019-05-09,-0.010371178530228698
2019-05-10,0.003368500403026675
2019-05-13,-0.020143264207112998
2019-05-14,0.014161691560658171
2019-05-15,0.011111085938983693
2019-05-16,0.006088542780845886
2019-05-17,-0.003394767828743803
2019-05-20,-0.00836782669814873
2019-05-21,0.0013440653793827411
2019-05-22,-0.0017897578140461615
2019-05-23,-0.008367562643765345
2019-05-24,0.0004518496998154533
2019-05-28,-0.0012801472432215487
2019-05-29,0.0014045475437158886
2019-05-30,0.0045493767739063825
2019-05-31,-0.00698129311556387
2019-06-03,-0.021670874081463693
2019-06-04,0.010216861007354448
2019-06-05,0.007523201064305569
2019-06-06,-0.0030602574545308472
2019-06-07,0.012524567123258045
2019-06-10,0.00024250473371196187
2019-06-11,0.006062203015375062
2019-06-12,0.008797356555185605
2019-06-13,-0.001562251918135772
2019-06-14,0.0038657361288038077
2019-06-17,0.0008253014018753768
2019-06-18,0.0044887477650752995
2019-06-19,-0.00027369325564150816
2019-06-20,-0.008903628224592617
2019-06-21,0.00734225945733591
2019-06-24,0.0009897955222115725
2019-06-25,-0.0031576446392595184
2019-06-26,-0.019943518661735205
2019-06-27,0.004640537709493532
2019-06-28,0.0035421777555940293
2019-07-01,0.001176516445489445
2019-07-02,-0.005490257975450646
2019-07-03,-0.001914100995930754
2019-07-05,-0.0030173730686768965
2019-07-08,0.0068570128747561425
2019-07-09,-0.004274112454218853
2019-07-10,0.009888413833546128
2019-07-11,-0.007282121379351067
2019-07-12,0.007682562366931662
2019-07-15,0.002153683590496145
2019-07-16,-0.003460043732609794
2019-07-17,-0.005623366175015404
2019-07-18,0.01135963641306413
2019-07-19,-0.004661526358131832
2019-07-22,0.0004009556529601799
2019-07-23,0.025373787795636347
2019-07-24,0.011849020635034922
2019-07-25,-0.009233121506387755
2019-07-26,0.009819154620066627
2019-07-29,-0.00819297166590159
2019-07-30,0.0049017391523151045
2019-07-31,-0.005736149963956132
2019-08-01,-0.038749775229889157
2019-08-02,-0.02042317980084512
2019-08-05,-0.03672916365791474
2019-08-06,0.02146953282742846
2019-08-07,0.0128456824860581
2019-08-08,0.005442115984943939
2019-08-09,-0.005619973003889994
2019-08-12,-0.01804181096129874
2019-08-13,0.0016522018827693041
2019-08-14,-0.028338264086392586
2019-08-15,0.002212376015390256
2019-08-16,0.023631588629372757
2019-08-19,0.00970501413893227
2019-08-20,-0.013737860886132661
2019-08-21,0.0037900327374465383
2019-08-22,-0.002549933803939237
2019-08-23,-0.02133505670307639
2019-08-26,0.03179617154889836
2019-08-27,0.00525781350383011
2019-08-28,0.004988200818451869
2019-08-29,-0.0026022139449072223
2019-08-30,0.007923382333135325
2019-09-03,-0.014859463468708199
2019-09-04,0.0038925882233908954
2019-09-05,0.006446273659581886
2019-09-06,0.00038531273205814014
2019-09-09,-0.025947297270629107
2019-09-10,-0.02703352144692735
2019-09-11,-0.005232025727595977
2019-09-12,-0.009395385309971128
2019-09-13,0.010994859809636022
2019-09-16,-0.0023962891886655435
2019-09-17,0.014121695544335691
2019-09-18,0.005752269451468326
2019-09-19,-0.0050982244041498734
2019-09-20,-0.013135969116999494
2019-09-23,-0.0062205860818433465
2019-09-24,0.012253670050378675
2019-09-25,0.011921944611808106
2019-09-26,0.0017866559068367956
2019-09-27,-0.01041644820673597
2019-09-30,-0.00624251669622249
2019-10-01,-0.01746178371201963
2019-10-02,-0.008560785550502194
2019-10-03,0.00797903323786992
2019-10-04,0.009216993952718905
2019-10-07,0.001074448109754469
2019-10-08,-0.015240950142052349
2019-10-09,0.008392436841096957
2019-10-10,0.005187864606742324
2019-10-11,0.02659828679827285
2019-10-14,-0.0014395727625079891
2019-10-15,-0.0023316119230187313
2019-10-16,-0.004037083089766685
2019-10-17,0.003882652852278899
2019-10-18,0.004803011043999856
2019-10-21,0.017342645789726677
2019-10-22,-0.0022868328639351196
2019-10-23,0.013418820168652682
2019-10-24,0.0016448047815988405
2019-10-25,0.012316322516708307
2019-10-28,0.010017014685596239
2019-10-29,-0.023127817494146743
2019-10-30,-0.0001234117834488655
2019-10-31,-0.008241822123169497
2019-11-01,0.02838084326803801
2019-11-04,0.006567051162276871
2019-11-05,-0.0014367939683655405
2019-11-06,0.0004277674614901297
2019-11-07,0.011541296205700626
2019-11-08,0.001988602042516264
2019-11-11,-0.011207460895283416
2019-11-12,-0.011216235416674845
2019-11-13,-0.012641657423362929
2019-11-14,-0.007266956926216106
2019-11-15,0.01303687063141114
2019-11-18,0.01310306845731714
2019-11-19,0.004763286670547363
2019-11-20,0.004849926032599182
2019-11-21,0.003592718198983597
2019-11-22,0.0010484962801250643
2019-11-25,0.02105932370526889
2019-11-26,-0.004492971476333756
2019-11-27,-0.002594168226426443
2019-11-29,-0.0028502296567332976
2019-12-02,-0.005282970638038373
2019-12-03,-0.0030408766978528624
2019-12-04,0.0047685406804644295
2019-12-05,-0.0020095020816747067
2019-12-06,0.0015423228850185774
2019-12-09,-0.00406384210725128
2019-12-10,0.004381033765792279
2019-12-11,0.0007269670736743118
2019-12-12,0.0011518675308358653
2019-12-13,-0.003404135237978596
2019-12-16,0.014209605650140678
2019-12-17,-0.005342072921117822
2019-12-18,0.008365873694943158
2019-12-19,0.00587225653169098
2019-12-20,-0.006890294295094798
2019-12-23,0.008544452960234235
2019-12-24,-0.0018640116422911125
2019-12-26,0.003768718057042735
2019-12-27,0.0010822603338259838
2019-12-30,-0.007162893947323753
2019-12-31,0.00044253145597512926
2020-01-02,0.02281618194817982
2020-01-03,-0.009721921233312305
2020-01-06,0.007968346881921868
2020-01-07,-0.004703025225035044
2020-01-08,0.01608617615936012
2020-01-09,0.021240838156609196
2020-01-10,0.002260676894029544
2020-01-13,0.021364411679408318
2020-01-14,-0.013503379996093095
2020-01-15,-0.004285276351029158
2020-01-16,0.012526348791832877
2020-01-17,0.01107103389065317
2020-01-21,-0.00677692423573866
2020-01-22,0.0035695957575393967
2020-01-23,0.004815733402654644
2020-01-24,-0.0028818696574473383
2020-01-27,-0.040601486249781986
2020-01-28,0.024661242826451102
2020-01-29,-0.01455955878876391
2020-01-30,-0.0014491247891627356
2020-01-31,-0.04433887436770614
2020-02-03,0.007664574171226948
2020-02-04,0.016143934340431033
2020-02-05,-0.0012213899441956121
2020-02-06,0.0027507266439215157
2020-02-07,0.0014159594330492218
2020-02-10,0.026156773622904333
2020-02-11,-0.022575462489495178
2020-02-12,0.0014638654778470364
2020-02-13,-0.006438852628564612
2020-02-14,0.008926988443643777
2020-02-18,0.010142978570051642
2020-02-19,0.0029991426873336004
2020-02-20,-0.015271148383458536
2020-02-21,-0.0316127955568297
2020-02-24,-0.022757731836795775
2020-02-25,-0.03223364721407363
2020-02-26,-0.00884662994982301
2020-02-27,-0.04484016035377739
2020-02-28,-0.030658976784278452
2020-03-02,0.06653914475014662
2020-03-03,-0.047919382413905934
2020-03-04,0.03671514205813303
2020-03-05,-0.02600805498601209
2020-03-06,-0.028267198856688474
2020-03-09,-0.0005971349542411053
2020-03-10,0.022447962177670092
2020-03-11,-0.04474493374132725
2020-03-12,-0.09853114083719158
2020-03-13,0.0965882093670735
2020-03-16,-0.1727687431598128
2020-03-17,0.11708520827440431
2020-03-18,0.027838286154607702
2020-03-19,-0.021222608125748436
2020-03-20,-0.04587683491614677
2020-03-23,0.0027199633011523354
2020-03-24,0.006562799381809506
2020-03-25,-0.04894373244729385
2020-03-26,0.003839120635947297
2020-03-27,-0.0021854413809876527
2020-03-30,0.051195509484782076
2020-03-31,-0.013629642296263931
2020-04-01,0.0045765735389130735
2020-04-02,0.039512858964871084
2020-04-03,0.006995456252252272
2020-04-06,0.0551556398182199
2020-04-07,-0.032363131307803515
2020-04-08,-0.001229510622917788
2020-04-09,-0.0003281039354853918
2020-04-13,0.0287354852342316
2020-04-14,0.029529112433057
2020-04-15,-0.0018605174121634955
2020-04-16,0.027726204781428652
2020-04-17,-0.0015869918523016544
2020-04-20,-0.017181360363760292
2020-04-21,-0.024725356055213383
2020-04-22,-0.006327141539562022
2020-04-23,-0.017637228109370084
2020-04-24,0.003726111579370493
2020-04-27,0.003543925802439122
2020-04-28,-0.006377928829293146
2020-04-29,0.052385628228697516
2020-04-30,-0.027689695780704102
2020-05-01,-0.027826103410398807
2020-05-04,0.02236146857331223
2020-05-05,0.015857296180977167
2020-05-06,-0.030573813726557715
2020-05-07,0.028761844684812746
2020-05-08,0.030548393206127386
2020-05-11,-0.021996438402697556
2020-05-12,-0.024311910287378117
2020-05-13,-0.02634463893918961
2020-05-14,0.015219756747223078
2020-05-15,-0.009883300246245176
2020-05-18,0.025153541492615932
2020-05-19,-0.02954970201770544
2020-05-20,0.0003780837515658819
2020-05-21,0.011293487077270075
2020-05-22,0.004151424185867511
2020-05-26,0.002480569554817316
2020-05-27,0.020125413460094145
2020-05-28,-0.00897488182709948
2020-05-29,0.013624790398882628
2020-06-01,-0.00478913052835266
2020-06-02,0.021917699557703393
2020-06-03,-0.0008359550538897216
2020-06-04,0.01081597270709494
2020-06-05,0.11464994935994635
2020-06-08,0.1220367431445597
2020-06-09,-0.05969628842610342
2020-06-10,-0.0615022675555216
2020-06-11,-0.16424954265862285
2020-06-12,0.11476464296230014
2020-06-15,0.007545817700324448
2020-06-16,0.03577040589011571
2020-06-17,-0.026444912375142886
2020-06-18,-0.0012984314165753385
2020-06-19,-0.027406461598287947
2020-06-22,0.008020531153119433
2020-06-23,-0.0033948608383631037
2020-06-24,-0.0595592981187461
2020-06-25,-0.010243911901765976
2020-06-26,-0.027847725241057324
2020-06-29,0.1439915987826111
2020-06-30,-0.05753510257557654
2020-07-01,-0.016257474301264715
2020-07-02,0.0027173374848065103
2020-07-06,0.03926776934098977
2020-07-07,-0.048054907895294166
2020-07-08,0.006708390282442633
2020-07-09,-0.03776100492051642
2020-07-10,0.029778414487327248
2020-07-13,-0.0156355519260881
2020-07-14,0.024537504770774793
2020-07-15,0.04434315674139313
2020-07-16,-0.04916464172244281
2020-07-17,-0.002020252679078262
2020-07-20,0.021073936783048513
2020-07-21,-0.013801611913816703
2020-07-22,0.0028091951433229065
2020-07-23,-0.018445021185420078
2020-07-24,-0.01688880633576812
2020-07-27,0.016790133815554963
2020-07-28,0.006386810066510343
2020-07-29,-0.025149820340716538
2020-07-30,-0.010890146681273796
2020-07-31,-0.0022828377506502306
2020-08-03,0.025197631350161415
2020-08-04,0.0066781421809531255
2020-08-05,0.0036245371167972383
2020-08-06,0.034889347319151415
2020-08-07,-0.022735709313561604
2020-08-10,0.014534783411278788
2020-08-11,-0.029739945907227314
2020-08-12,0.03323436331034147
2020-08-13,0.017697497861696082
2020-08-14,-0.000891158280356594
2020-08-17,-0.002610909017369469
2020-08-18,0.008332867027674554
2020-08-19,0.0012547329887124565
2020-08-20,0.022189590112789502
2020-08-21,0.05153241412359531
2020-08-24,0.011960242674155047
2020-08-25,-0.008203662044158974
2020-08-26,0.013598985566545633
2020-08-27,-0.011954364462740346
2020-08-28,-0.0016198413653825932
2020-08-31,0.03391222166238602
2020-09-01,0.03983256598600927
2020-09-02,-0.020718458815084242
2020-09-03,-0.08006090743592993
2020-09-04,0.0006618926663859228
2020-09-08,-0.06729498776148468
2020-09-09,0.039886500501504114
2020-09-10,-0.03264571497639198
2020-09-11,-0.013128883024001897
2020-09-14,0.010847370507713212
2020-09-15,-8.379421477013447e-05
2020-09-16,-0.005701296674609634
2020-09-17,-0.01880434877714757
2020-09-18,-0.014609759658658098
2020-09-21,-0.011250748791964976
2020-09-22,0.03087238383336426
2020-09-23,0.08761858535277754
2020-09-24,-0.01856656219582544
2020-09-25,-0.00416825626213796
2020-09-28,0.0007244687640502435
2020-09-29,0.016328715335964392
2020-09-30,-0.006410738936347818
2020-10-01,0.008762177991416263
2020-10-02,-2.3097614863594893e-10
2020-10-05,0.01002844606368058
2020-10-06,-0.002032732054189052
2020-10-07,0.01887970008654967
2020-10-08,-0.002691001734034424
2020-10-09,0.009790971574737862
2020-10-12,-0.01160469731190896
2020-10-13,-0.002008394387264267
2020-10-14,-0.011919462780612991
2020-10-15,0.008740180808838332
2020-10-16,-0.0077519259843208226
2020-10-19,-0.007229795448481488
2020-10-20,0.00831836134450632
2020-10-21,0.007315564317026241
2020-10-22,0.004558516739927327
2020-10-23,-0.0002306173129759252
2020-10-26,-0.03516706524020355
2020-10-27,-0.0029602215666360405
2020-10-28,-0.046175362974135215
2020-10-29,0.007901275723994884
2020-10-30,-0.014290423020869128
2020-11-02,0.02659268188664239
2020-11-03,0.019528625262853292
2020-11-04,-0.023270511850948042
2020-11-05,-0.0004512970488866553
2020-11-06,-0.019582341895826662
2020-11-09,0.05732280977787173
2020-11-10,-0.003250745906478167
2020-11-11,-0.010266857487778613
2020-11-12,-0.018968603052657233
2020-11-13,0.01684296034688979
2020-11-16,0.012329924173137231
2020-11-17,-0.015628682279243078
2020-11-18,-0.03213520230650933
2020-11-19,0.011657623771363968
2020-11-20,-0.029416067854453404
2020-11-23,0.05966337300070167
2020-11-24,0.03290316606259162
2020-11-25,-0.0040276667338477205
2020-11-27,-0.005100870449563845
2020-11-30,-0.026743614630077694
2020-12-01,0.010915417420454855
2020-12-02,0.0508896758557801
2020-12-03,0.059638097114368904
2020-12-04,-0.018929132663881996
2020-12-07,0.023462631000097867
2020-12-08,-0.006717852159362529
2020-12-09,-0.019064165414044938
2020-12-10,0.010212855010102783
2020-12-11,-0.01748919059141359
2020-12-14,-0.007424159712969011
2020-12-15,0.0038492035291226843
2020-12-16,-0.01581701464789871
2020-12-17,-0.0204984711918479
2020-12-18,-0.006734792326605905
2020-12-21,-0.002002290273049894
2020-12-22,-0.0024166662300826487
2020-12-23,0.00415944952996802
2020-12-24,0.0010371226752905994
2020-12-28,0.029528603652955343
2020-12-29,-0.008721889980140694
2020-12-30,0.021827378777589654
